{"index": 16, "HTML": ["https://dev.mysql.com/doc/refman/8.0/en/enum.html"], "Title": ["13.3.5 The ENUM Type"], "Feature": ["ENUM"], "Description": ["\n\n\n\n13.3.5\u00a0The ENUM Type\n\n\n\n\n        An ENUM is a string object with a value\n        chosen from a list of permitted values that are enumerated\n        explicitly in the column specification at table creation time.\n      \n        See Section\u00a013.3.1, \u201cString Data Type Syntax\u201d for\n        ENUM type syntax and length\n        limits.\n      \n        The ENUM type has these\n        advantages:\n\n\n\n            Compact data storage in situations where a column has a\n            limited set of possible values. The strings you specify as\n            input values are automatically encoded as numbers. See\n            Section\u00a013.7, \u201cData Type Storage Requirements\u201d for storage\n            requirements for the ENUM type.\n          \n            Readable queries and output. The numbers are translated back\n            to the corresponding strings in query results.\n\n\n\n        and these potential issues to consider:\n\n\n\n            If you make enumeration values that look like numbers, it is\n            easy to mix up the literal values with their internal index\n            numbers, as explained in Enumeration Limitations.\n          \n            Using ENUM columns in ORDER\n            BY clauses requires extra care, as explained in\n            Enumeration Sorting.\n\n\n\nCreating and Using ENUM ColumnsIndex Values for Enumeration LiteralsHandling of Enumeration LiteralsEmpty or NULL Enumeration ValuesEnumeration SortingEnumeration Limitations\n\n\n\n\n\nCreating and Using ENUM Columns\n\n\n\n\n          An enumeration value must be a quoted string literal. For\n          example, you can create a table with an\n          ENUM column like this:\n        Press CTRL+C to copy CREATE TABLE shirts (\n    name VARCHAR(40),\n    size ENUM('x-small', 'small', 'medium', 'large', 'x-large')\n);\nINSERT INTO shirts (name, size) VALUES ('dress shirt','large'), ('t-shirt','medium'),\n  ('polo shirt','small');\nSELECT name, size FROM shirts WHERE size = 'medium';\n+---------+--------+\n| name    | size   |\n+---------+--------+\n| t-shirt | medium |\n+---------+--------+\nUPDATE shirts SET size = 'small' WHERE size = 'large';\nCOMMIT;\n          Inserting 1 million rows into this table with a value of\n          'medium' would require 1 million bytes of\n          storage, as opposed to 6 million bytes if you stored the\n          actual string 'medium' in a\n          VARCHAR column.\n\n\n\n\n\n\nIndex Values for Enumeration Literals\n\n\n\n\n          Each enumeration value has an index:\n\n\n\n              The elements listed in the column specification are\n              assigned index numbers, beginning with 1.\n            \n              The index value of the empty string error value is 0. This\n              means that you can use the following\n              SELECT statement to find\n              rows into which invalid ENUM values\n              were assigned:\n            Press CTRL+C to copy mysql> SELECT * FROM tbl_name WHERE enum_col=0;\n              The index of the NULL value is\n              NULL.\n            \n              The term \u201cindex\u201d here refers to a position\n              within the list of enumeration values. It has nothing to\n              do with table indexes.\n\n\n\n          For example, a column specified as ENUM('Mercury',\n          'Venus', 'Earth') can have any of the values shown\n          here. The index of each value is also shown.\n\n\n\nValue\nIndex\n\nNULL\nNULL\n\n''\n0\n\n'Mercury'\n1\n\n'Venus'\n2\n\n'Earth'\n3\n\n\n\n          An ENUM column can have a\n          maximum of 65,535 distinct elements.\n        \n          If you retrieve an ENUM value in a numeric\n          context, the column value's index is returned. For example,\n          you can retrieve numeric values from an\n          ENUM column like this:\n        Press CTRL+C to copy mysql> SELECT enum_col+0 FROM tbl_name;\n          Functions such as SUM() or\n          AVG() that expect a numeric\n          argument cast the argument to a number if necessary. For\n          ENUM values, the index number is used in\n          the calculation.\n\n\n\n\n\n\nHandling of Enumeration Literals\n\n\n\n\n          Trailing spaces are automatically deleted from\n          ENUM member values in the table definition\n          when a table is created.\n        \n          When retrieved, values stored into an ENUM\n          column are displayed using the lettercase that was used in the\n          column definition. Note that ENUM columns\n          can be assigned a character set and collation. For binary or\n          case-sensitive collations, lettercase is taken into account\n          when assigning values to the column.\n        \n          If you store a number into an ENUM column,\n          the number is treated as the index into the possible values,\n          and the value stored is the enumeration member with that\n          index. (However, this does not work with\n          LOAD DATA, which treats all\n          input as strings.) If the numeric value is quoted, it is still\n          interpreted as an index if there is no matching string in the\n          list of enumeration values. For these reasons, it is not\n          advisable to define an ENUM column with\n          enumeration values that look like numbers, because this can\n          easily become confusing. For example, the following column has\n          enumeration members with string values of\n          '0', '1', and\n          '2', but numeric index values of\n          1, 2, and\n          3:\n        Press CTRL+C to copy numbers ENUM('0','1','2')\n          If you store 2, it is interpreted as an\n          index value, and becomes '1' (the value\n          with index 2). If you store '2', it matches\n          an enumeration value, so it is stored as\n          '2'. If you store '3',\n          it does not match any enumeration value, so it is treated as\n          an index and becomes '2' (the value with\n          index 3).\n        Press CTRL+C to copy mysql> INSERT INTO t (numbers) VALUES(2),('2'),('3');\nmysql> SELECT * FROM t;\n+---------+\n| numbers |\n+---------+\n| 1       |\n| 2       |\n| 2       |\n+---------+\n          To determine all possible values for an\n          ENUM column, use\n          SHOW COLUMNS\n          FROM tbl_name LIKE\n          'enum_col' and parse the\n          ENUM definition in the\n          Type column of the output.\n        \n          In the C API, ENUM values are returned as\n          strings. For information about using result set metadata to\n          distinguish them from other strings, see\n          C API Basic Data Structures.\n\n\n\n\n\n\nEmpty or NULL Enumeration Values\n\n\n\n\n          An enumeration value can also be the empty string\n          ('') or NULL under\n          certain circumstances:\n\n\n\n              If you insert an invalid value into an\n              ENUM (that is, a string not present in\n              the list of permitted values), the empty string is\n              inserted instead as a special error value. This string can\n              be distinguished from a \u201cnormal\u201d empty string\n              by the fact that this string has the numeric value 0. See\n              Index Values for Enumeration Literals for details about the\n              numeric indexes for the enumeration values.\n            \n              If strict SQL mode is enabled, attempts to insert invalid\n              ENUM values result in an error.\n            \n              If an ENUM column is declared to permit\n              NULL, the NULL value\n              is a valid value for the column, and the default value is\n              NULL. If an ENUM\n              column is declared NOT NULL, its\n              default value is the first element of the list of\n              permitted values.\n\n\n\n\n\n\n\nEnumeration Sorting\n\n\n\n\nENUM values are sorted based on their index\n          numbers, which depend on the order in which the enumeration\n          members were listed in the column specification. For example,\n          'b' sorts before 'a' for\n          ENUM('b', 'a'). The empty string sorts\n          before nonempty strings, and NULL values\n          sort before all other enumeration values.\n        \n          To prevent unexpected results when using the ORDER\n          BY clause on an ENUM column, use\n          one of these techniques:\n\n\n\n              Specify the ENUM list in alphabetic\n              order.\n            \n              Make sure that the column is sorted lexically rather than\n              by index number by coding ORDER BY\n              CAST(col AS CHAR) or\n              ORDER BY\n              CONCAT(col).\n\n\n\n\n\n\n\nEnumeration Limitations\n\n\n\n\n          An enumeration value cannot be an expression, even one that\n          evaluates to a string value.\n        \n          For example, this CREATE TABLE\n          statement does not work because the\n          CONCAT function cannot be used to construct\n          an enumeration value:\n        Press CTRL+C to copy CREATE TABLE sizes (\n    size ENUM('small', CONCAT('med','ium'), 'large')\n);\n          You also cannot employ a user variable as an enumeration\n          value. This pair of statements do not\n          work:\n        Press CTRL+C to copy SET @mysize = 'medium';\n\nCREATE TABLE sizes (\n    size ENUM('small', @mysize, 'large')\n);\n          We strongly recommend that you do not use\n          numbers as enumeration values, because it does not save on\n          storage over the appropriate\n          TINYINT or\n          SMALLINT type, and it is easy\n          to mix up the strings and the underlying number values (which\n          might not be the same) if you quote the\n          ENUM values incorrectly. If you do use a\n          number as an enumeration value, always enclose it in quotation\n          marks. If the quotation marks are omitted, the number is\n          regarded as an index. See Handling of Enumeration Literals to\n          see how even a quoted number could be mistakenly used as a\n          numeric index value.\n        \n          Duplicate values in the definition cause a warning, or an\n          error if strict SQL mode is enabled.\n\n\n"], "Examples": ["CREATE TABLE shirts (\n    name VARCHAR(40),\n    size ENUM('x-small', 'small', 'medium', 'large', 'x-large')\n);\nINSERT INTO shirts (name, size) VALUES ('dress shirt','large'), ('t-shirt','medium'),\n  ('polo shirt','small');\nSELECT name, size FROM shirts WHERE size = 'medium';\n+---------+--------+\n| name    | size   |\n+---------+--------+\n| t-shirt | medium |\n+---------+--------+\nUPDATE shirts SET size = 'small' WHERE size = 'large';\nCOMMIT;", "mysql> SELECT * FROM tbl_name WHERE enum_col=0;", "mysql> SELECT enum_col+0 FROM tbl_name;", "numbers ENUM('0','1','2')", "mysql> INSERT INTO t (numbers) VALUES(2),('2'),('3');\nmysql> SELECT * FROM t;\n+---------+\n| numbers |\n+---------+\n| 1       |\n| 2       |\n| 2       |\n+---------+", "CREATE TABLE sizes (\n    size ENUM('small', CONCAT('med','ium'), 'large')\n);", "SET @mysize = 'medium';\n\nCREATE TABLE sizes (\n    size ENUM('small', @mysize, 'large')\n);"], "Category": ["String Data Types"]}
{"index": 17, "HTML": ["https://dev.mysql.com/doc/refman/8.0/en/set.html"], "Title": ["13.3.6 The SET Type"], "Feature": ["SET"], "Description": ["\n\n\n\n13.3.6\u00a0The SET Type\n\n\n\n\n        A SET is a string object that can have zero\n        or more values, each of which must be chosen from a list of\n        permitted values specified when the table is created.\n        SET column values that consist of multiple\n        set members are specified with members separated by commas\n        (,). A consequence of this is that\n        SET member values should not themselves\n        contain commas.\n      \n        For example, a column specified as SET('one', 'two')\n        NOT NULL can have any of these values:\n      Press CTRL+C to copy ''\n'one'\n'two'\n'one,two'\n        A SET column can have a maximum\n        of 64 distinct members.\n      \n        Duplicate values in the definition cause a warning, or an error\n        if strict SQL mode is enabled.\n      \n        Trailing spaces are automatically deleted from\n        SET member values in the table definition\n        when a table is created.\n      \n        See String Type Storage Requirements for\n        storage requirements for the SET\n        type.\n      \n        See Section\u00a013.3.1, \u201cString Data Type Syntax\u201d for\n        SET type syntax and length\n        limits.\n      \n        When retrieved, values stored in a SET column\n        are displayed using the lettercase that was used in the column\n        definition. Note that SET columns can be\n        assigned a character set and collation. For binary or\n        case-sensitive collations, lettercase is taken into account when\n        assigning values to the column.\n      \n        MySQL stores SET values numerically, with the\n        low-order bit of the stored value corresponding to the first set\n        member. If you retrieve a SET value in a\n        numeric context, the value retrieved has bits set corresponding\n        to the set members that make up the column value. For example,\n        you can retrieve numeric values from a SET\n        column like this:\n      Press CTRL+C to copy mysql> SELECT set_col+0 FROM tbl_name;\n        If a number is stored into a SET column, the\n        bits that are set in the binary representation of the number\n        determine the set members in the column value. For a column\n        specified as SET('a','b','c','d'), the\n        members have the following decimal and binary values.\n\n\n\nSET Member\nDecimal Value\nBinary Value\n\n'a'\n1\n0001\n\n'b'\n2\n0010\n\n'c'\n4\n0100\n\n'd'\n8\n1000\n\n\n\n        If you assign a value of 9 to this column,\n        that is 1001 in binary, so the first and\n        fourth SET value members\n        'a' and 'd' are selected\n        and the resulting value is 'a,d'.\n      \n        For a value containing more than one SET\n        element, it does not matter what order the elements are listed\n        in when you insert the value. It also does not matter how many\n        times a given element is listed in the value. When the value is\n        retrieved later, each element in the value appears once, with\n        elements listed according to the order in which they were\n        specified at table creation time. Suppose that a column is\n        specified as SET('a','b','c','d'):\n      Press CTRL+C to copy mysql> CREATE TABLE myset (col SET('a', 'b', 'c', 'd'));\n        If you insert the values 'a,d',\n        'd,a', 'a,d,d',\n        'a,d,a', and 'd,a,d':\n      Press CTRL+C to copy mysql> INSERT INTO myset (col) VALUES \n-> ('a,d'), ('d,a'), ('a,d,a'), ('a,d,d'), ('d,a,d');\nQuery OK, 5 rows affected (0.01 sec)\nRecords: 5  Duplicates: 0  Warnings: 0\n        Then all these values appear as 'a,d' when\n        retrieved:\n      Press CTRL+C to copy mysql> SELECT col FROM myset;\n+------+\n| col  |\n+------+\n| a,d  |\n| a,d  |\n| a,d  |\n| a,d  |\n| a,d  |\n+------+\n5 rows in set (0.04 sec)\n        If you set a SET column to an unsupported\n        value, the value is ignored and a warning is issued:\n      Press CTRL+C to copy mysql> INSERT INTO myset (col) VALUES ('a,d,d,s');\nQuery OK, 1 row affected, 1 warning (0.03 sec)\n\nmysql> SHOW WARNINGS;\n+---------+------+------------------------------------------+\n| Level   | Code | Message                                  |\n+---------+------+------------------------------------------+\n| Warning | 1265 | Data truncated for column 'col' at row 1 |\n+---------+------+------------------------------------------+\n1 row in set (0.04 sec)\n\nmysql> SELECT col FROM myset;\n+------+\n| col  |\n+------+\n| a,d  |\n| a,d  |\n| a,d  |\n| a,d  |\n| a,d  |\n| a,d  |\n+------+\n6 rows in set (0.01 sec)\n        If strict SQL mode is enabled, attempts to insert invalid\n        SET values result in an error.\n      \nSET values are sorted numerically.\n        NULL values sort before\n        non-NULL SET values.\n      \n        Functions such as SUM() or\n        AVG() that expect a numeric\n        argument cast the argument to a number if necessary. For\n        SET values, the cast operation causes the\n        numeric value to be used.\n      \n        Normally, you search for SET values using the\n        FIND_IN_SET() function or the\n        LIKE operator:\n      Press CTRL+C to copy mysql> SELECT * FROM tbl_name WHERE FIND_IN_SET('value',set_col)>0;\nmysql> SELECT * FROM tbl_name WHERE set_col LIKE '%value%';\n        The first statement finds rows where\n        set_col contains the\n        value set member. The second is\n        similar, but not the same: It finds rows where\n        set_col contains\n        value anywhere, even as a substring\n        of another set member.\n      \n        The following statements also are permitted:\n      Press CTRL+C to copy mysql> SELECT * FROM tbl_name WHERE set_col & 1;\nmysql> SELECT * FROM tbl_name WHERE set_col = 'val1,val2';\n        The first of these statements looks for values containing the\n        first set member. The second looks for an exact match. Be\n        careful with comparisons of the second type. Comparing set\n        values to\n        'val1,val2'\n        returns different results than comparing values to\n        'val2,val1'.\n        You should specify the values in the same order they are listed\n        in the column definition.\n      \n        To determine all possible values for a SET\n        column, use SHOW COLUMNS FROM\n        tbl_name LIKE\n        set_col and parse the\n        SET definition in the Type\n        column of the output.\n      \n        In the C API, SET values are returned as\n        strings. For information about using result set metadata to\n        distinguish them from other strings, see\n        C API Basic Data Structures.\n\n"], "Examples": ["mysql> SELECT set_col+0 FROM tbl_name;", "mysql> CREATE TABLE myset (col SET('a', 'b', 'c', 'd'));", "mysql> INSERT INTO myset (col) VALUES \n-> ('a,d'), ('d,a'), ('a,d,a'), ('a,d,d'), ('d,a,d');\nQuery OK, 5 rows affected (0.01 sec)\nRecords: 5  Duplicates: 0  Warnings: 0", "mysql> SELECT col FROM myset;\n+------+\n| col  |\n+------+\n| a,d  |\n| a,d  |\n| a,d  |\n| a,d  |\n| a,d  |\n+------+\n5 rows in set (0.04 sec)", "mysql> INSERT INTO myset (col) VALUES ('a,d,d,s');\nQuery OK, 1 row affected, 1 warning (0.03 sec)\n\nmysql> SHOW WARNINGS;\n+---------+------+------------------------------------------+\n| Level   | Code | Message                                  |\n+---------+------+------------------------------------------+\n| Warning | 1265 | Data truncated for column 'col' at row 1 |\n+---------+------+------------------------------------------+\n1 row in set (0.04 sec)\n\nmysql> SELECT col FROM myset;\n+------+\n| col  |\n+------+\n| a,d  |\n| a,d  |\n| a,d  |\n| a,d  |\n| a,d  |\n| a,d  |\n+------+\n6 rows in set (0.01 sec)", "mysql> SELECT * FROM tbl_name WHERE FIND_IN_SET('value',set_col)>0;\nmysql> SELECT * FROM tbl_name WHERE set_col LIKE '%value%';", "mysql> SELECT * FROM tbl_name WHERE set_col & 1;\nmysql> SELECT * FROM tbl_name WHERE set_col = 'val1,val2';"], "Category": ["String Data Types"]}
{"index": 18, "HTML": ["https://dev.mysql.com/doc/refman/8.4/en/char.html"], "Title": ["13.3.2 The CHAR and VARCHAR Types"], "Feature": ["[NATIONAL] CHAR[(M)] [CHARACTER SET charset_name] [COLLATE collation_name]"], "Description": ["A fixed-length string that is always right-padded with spaces to the specified length when stored. M represents the column length in characters. The range of M is 0 to 255. If M is omitted, the length is 1.", "Note", "Trailing spaces are removed when CHAR values are retrieved unless the PAD_CHAR_TO_FULL_LENGTH SQL mode is enabled.", "CHAR is shorthand for CHARACTER. NATIONAL CHAR (or its equivalent short form, NCHAR) is the standard SQL way to define that a CHAR column should use some predefined character set. MySQL uses utf8mb3 as this predefined character set. Section 12.3.7, \u201cThe National Character Set\u201d.", "The CHAR BYTE data type is an alias for the BINARY data type. This is a compatibility feature.", "MySQL permits you to create a column of type CHAR(0). This is useful primarily when you must be compliant with old applications that depend on the existence of a column but that do not actually use its value. CHAR(0) is also quite nice when you need a column that can take only two values: A column that is defined as CHAR(0) NULL occupies only one bit and can take only the values NULL and '' (the empty string)."], "Examples": ["mysql> CREATE TABLE vc (v VARCHAR(4), c CHAR(4));\nQuery OK, 0 rows affected (0.01 sec)\n\nmysql> INSERT INTO vc VALUES ('ab  ', 'ab  ');\nQuery OK, 1 row affected (0.00 sec)\n\nmysql> SELECT CONCAT('(', v, ')'), CONCAT('(', c, ')') FROM vc;\n+---------------------+---------------------+\n| CONCAT('(', v, ')') | CONCAT('(', c, ')') |\n+---------------------+---------------------+\n| (ab  )              | (ab)                |\n+---------------------+---------------------+\n1 row in set (0.06 sec)"], "Category": ["String Data Types"]}
{"index": 19, "HTML": ["https://dev.mysql.com/doc/refman/8.4/en/char.html"], "Title": ["13.3.2 The CHAR and VARCHAR Types"], "Feature": ["[NATIONAL] VARCHAR(M) [CHARACTER SET charset_name] [COLLATE collation_name]"], "Description": ["A variable-length string. M represents the maximum column length in characters. The range of M is 0 to 65,535. The effective maximum length of a VARCHAR is subject to the maximum row size (65,535 bytes, which is shared among all columns) and the character set used. For example, utf8mb3 characters can require up to three bytes per character, so a VARCHAR column that uses the utf8mb3 character set can be declared to be a maximum of 21,844 characters. See Section 10.4.7, \u201cLimits on Table Column Count and Row Size\u201d.", "", "MySQL stores VARCHAR values as a 1-byte or 2-byte length prefix plus data. The length prefix indicates the number of bytes in the value. A VARCHAR column uses one length byte if values require no more than 255 bytes, two length bytes if values may require more than 255 bytes.", "", "Note", "MySQL follows the standard SQL specification, and does not remove trailing spaces from VARCHAR values.", "", "VARCHAR is shorthand for CHARACTER VARYING. NATIONAL VARCHAR is the standard SQL way to define that a VARCHAR column should use some predefined character set. MySQL uses utf8mb3 as this predefined character set. Section 12.3.7, \u201cThe National Character Set\u201d. NVARCHAR is shorthand for NATIONAL VARCHAR."], "Examples": ["mysql> CREATE TABLE vc (v VARCHAR(4), c CHAR(4));\nQuery OK, 0 rows affected (0.01 sec)\n\nmysql> INSERT INTO vc VALUES ('ab  ', 'ab  ');\nQuery OK, 1 row affected (0.00 sec)\n\nmysql> SELECT CONCAT('(', v, ')'), CONCAT('(', c, ')') FROM vc;\n+---------------------+---------------------+\n| CONCAT('(', v, ')') | CONCAT('(', c, ')') |\n+---------------------+---------------------+\n| (ab  )              | (ab)                |\n+---------------------+---------------------+\n1 row in set (0.06 sec)"], "Category": ["String Data Types"]}
{"index": 20, "HTML": ["https://dev.mysql.com/doc/refman/8.0/en/binary-varbinary.html"], "Title": ["13.3.3 The BINARY and VARBINARY Types"], "Feature": ["BINARY[(M)]"], "Description": ["The BINARY type is similar to the CHAR type, but stores binary byte strings rather than nonbinary character strings. An optional length M represents the column length in bytes. If omitted, M defaults to 1.", "\n\n\n\n13.3.3\u00a0The BINARY and VARBINARY Types\n\n\n\n\n        The BINARY and VARBINARY\n        types are similar to CHAR and\n        VARCHAR, except that they store\n        binary strings rather than nonbinary strings. That is, they\n        store byte strings rather than character strings. This means\n        they have the binary character set and\n        collation, and comparison and sorting are based on the numeric\n        values of the bytes in the values.\n      \n        The permissible maximum length is the same for\n        BINARY and VARBINARY as it\n        is for CHAR and\n        VARCHAR, except that the length\n        for BINARY and VARBINARY\n        is measured in bytes rather than characters.\n      \n        The BINARY and VARBINARY\n        data types are distinct from the CHAR BINARY\n        and VARCHAR BINARY data types. For the latter\n        types, the BINARY attribute does not cause\n        the column to be treated as a binary string column. Instead, it\n        causes the binary (_bin) collation for the\n        column character set (or the table default character set if no\n        column character set is specified) to be used, and the column\n        itself stores nonbinary character strings rather than binary\n        byte strings. For example, if the default character set is\n        utf8mb4, CHAR(5) BINARY is\n        treated as CHAR(5) CHARACTER SET utf8mb4 COLLATE\n        utf8mb4_bin. This differs from\n        BINARY(5), which stores 5-byte binary strings\n        that have the binary character set and\n        collation. For information about the differences between the\n        binary collation of the\n        binary character set and the\n        _bin collations of nonbinary character sets,\n        see Section\u00a012.8.5, \u201cThe binary Collation Compared to _bin Collations\u201d.\n      \n        If strict SQL mode is not enabled and you assign a value to a\n        BINARY or VARBINARY column\n        that exceeds the column's maximum length, the value is truncated\n        to fit and a warning is generated. For cases of truncation, to\n        cause an error to occur (rather than a warning) and suppress\n        insertion of the value, use strict SQL mode. See\n        Section\u00a07.1.11, \u201cServer SQL Modes\u201d.\n      \n        When BINARY values are stored, they are\n        right-padded with the pad value to the specified length. The pad\n        value is 0x00 (the zero byte). Values are\n        right-padded with 0x00 for inserts, and no\n        trailing bytes are removed for retrievals. All bytes are\n        significant in comparisons, including ORDER\n        BY and DISTINCT operations.\n        0x00 and space differ in comparisons, with\n        0x00 sorting before space.\n      \n        Example: For a BINARY(3) column,\n        'a\u00a0' becomes\n        'a\u00a0\\0' when inserted.\n        'a\\0' becomes 'a\\0\\0' when\n        inserted. Both inserted values remain unchanged for retrievals.\n      \n        For VARBINARY, there is no padding for\n        inserts and no bytes are stripped for retrievals. All bytes are\n        significant in comparisons, including ORDER\n        BY and DISTINCT operations.\n        0x00 and space differ in comparisons, with\n        0x00 sorting before space.\n      \n        For those cases where trailing pad bytes are stripped or\n        comparisons ignore them, if a column has an index that requires\n        unique values, inserting values into the column that differ only\n        in number of trailing pad bytes results in a duplicate-key\n        error. For example, if a table contains 'a',\n        an attempt to store 'a\\0' causes a\n        duplicate-key error.\n      \n        You should consider the preceding padding and stripping\n        characteristics carefully if you plan to use the\n        BINARY data type for storing binary data and\n        you require that the value retrieved be exactly the same as the\n        value stored. The following example illustrates how\n        0x00-padding of BINARY\n        values affects column value comparisons:\n      Press CTRL+C to copy mysql> CREATE TABLE t (c BINARY(3));\nQuery OK, 0 rows affected (0.01 sec)\n\nmysql> INSERT INTO t SET c = 'a';\nQuery OK, 1 row affected (0.01 sec)\n\nmysql> SELECT HEX(c), c = 'a', c = 'a\\0\\0' from t;\n+--------+---------+-------------+\n| HEX(c) | c = 'a' | c = 'a\\0\\0' |\n+--------+---------+-------------+\n| 610000 |       0 |           1 |\n+--------+---------+-------------+\n1 row in set (0.09 sec)\n        If the value retrieved must be the same as the value specified\n        for storage with no padding, it might be preferable to use\n        VARBINARY or one of the\n        BLOB data types instead.\n\n\n\nNote\n\n\n          Within the mysql client, binary strings\n          display using hexadecimal notation, depending on the value of\n          the --binary-as-hex. For more\n          information about that option, see Section\u00a06.5.1, \u201cmysql \u2014 The MySQL Command-Line Client\u201d.\n\n\n"], "Examples": ["mysql> CREATE TABLE t (c BINARY(3));\nQuery OK, 0 rows affected (0.01 sec)\n\nmysql> INSERT INTO t SET c = 'a';\nQuery OK, 1 row affected (0.01 sec)\n\nmysql> SELECT HEX(c), c = 'a', c = 'a\\0\\0' from t;\n+--------+---------+-------------+\n| HEX(c) | c = 'a' | c = 'a\\0\\0' |\n+--------+---------+-------------+\n| 610000 |       0 |           1 |\n+--------+---------+-------------+\n1 row in set (0.09 sec)"], "Category": ["String Data Types"]}
{"index": 21, "HTML": ["https://dev.mysql.com/doc/refman/8.0/en/binary-varbinary.html"], "Title": ["13.3.3 The BINARY and VARBINARY Types"], "Feature": ["VARBINARY(M)"], "Description": ["The VARBINARY type is similar to the VARCHAR type, but stores binary byte strings rather than nonbinary character strings. M represents the maximum column length in bytes.", "\n\n\n\n13.3.3\u00a0The BINARY and VARBINARY Types\n\n\n\n\n        The BINARY and VARBINARY\n        types are similar to CHAR and\n        VARCHAR, except that they store\n        binary strings rather than nonbinary strings. That is, they\n        store byte strings rather than character strings. This means\n        they have the binary character set and\n        collation, and comparison and sorting are based on the numeric\n        values of the bytes in the values.\n      \n        The permissible maximum length is the same for\n        BINARY and VARBINARY as it\n        is for CHAR and\n        VARCHAR, except that the length\n        for BINARY and VARBINARY\n        is measured in bytes rather than characters.\n      \n        The BINARY and VARBINARY\n        data types are distinct from the CHAR BINARY\n        and VARCHAR BINARY data types. For the latter\n        types, the BINARY attribute does not cause\n        the column to be treated as a binary string column. Instead, it\n        causes the binary (_bin) collation for the\n        column character set (or the table default character set if no\n        column character set is specified) to be used, and the column\n        itself stores nonbinary character strings rather than binary\n        byte strings. For example, if the default character set is\n        utf8mb4, CHAR(5) BINARY is\n        treated as CHAR(5) CHARACTER SET utf8mb4 COLLATE\n        utf8mb4_bin. This differs from\n        BINARY(5), which stores 5-byte binary strings\n        that have the binary character set and\n        collation. For information about the differences between the\n        binary collation of the\n        binary character set and the\n        _bin collations of nonbinary character sets,\n        see Section\u00a012.8.5, \u201cThe binary Collation Compared to _bin Collations\u201d.\n      \n        If strict SQL mode is not enabled and you assign a value to a\n        BINARY or VARBINARY column\n        that exceeds the column's maximum length, the value is truncated\n        to fit and a warning is generated. For cases of truncation, to\n        cause an error to occur (rather than a warning) and suppress\n        insertion of the value, use strict SQL mode. See\n        Section\u00a07.1.11, \u201cServer SQL Modes\u201d.\n      \n        When BINARY values are stored, they are\n        right-padded with the pad value to the specified length. The pad\n        value is 0x00 (the zero byte). Values are\n        right-padded with 0x00 for inserts, and no\n        trailing bytes are removed for retrievals. All bytes are\n        significant in comparisons, including ORDER\n        BY and DISTINCT operations.\n        0x00 and space differ in comparisons, with\n        0x00 sorting before space.\n      \n        Example: For a BINARY(3) column,\n        'a\u00a0' becomes\n        'a\u00a0\\0' when inserted.\n        'a\\0' becomes 'a\\0\\0' when\n        inserted. Both inserted values remain unchanged for retrievals.\n      \n        For VARBINARY, there is no padding for\n        inserts and no bytes are stripped for retrievals. All bytes are\n        significant in comparisons, including ORDER\n        BY and DISTINCT operations.\n        0x00 and space differ in comparisons, with\n        0x00 sorting before space.\n      \n        For those cases where trailing pad bytes are stripped or\n        comparisons ignore them, if a column has an index that requires\n        unique values, inserting values into the column that differ only\n        in number of trailing pad bytes results in a duplicate-key\n        error. For example, if a table contains 'a',\n        an attempt to store 'a\\0' causes a\n        duplicate-key error.\n      \n        You should consider the preceding padding and stripping\n        characteristics carefully if you plan to use the\n        BINARY data type for storing binary data and\n        you require that the value retrieved be exactly the same as the\n        value stored. The following example illustrates how\n        0x00-padding of BINARY\n        values affects column value comparisons:\n      Press CTRL+C to copy mysql> CREATE TABLE t (c BINARY(3));\nQuery OK, 0 rows affected (0.01 sec)\n\nmysql> INSERT INTO t SET c = 'a';\nQuery OK, 1 row affected (0.01 sec)\n\nmysql> SELECT HEX(c), c = 'a', c = 'a\\0\\0' from t;\n+--------+---------+-------------+\n| HEX(c) | c = 'a' | c = 'a\\0\\0' |\n+--------+---------+-------------+\n| 610000 |       0 |           1 |\n+--------+---------+-------------+\n1 row in set (0.09 sec)\n        If the value retrieved must be the same as the value specified\n        for storage with no padding, it might be preferable to use\n        VARBINARY or one of the\n        BLOB data types instead.\n\n\n\nNote\n\n\n          Within the mysql client, binary strings\n          display using hexadecimal notation, depending on the value of\n          the --binary-as-hex. For more\n          information about that option, see Section\u00a06.5.1, \u201cmysql \u2014 The MySQL Command-Line Client\u201d.\n\n\n"], "Examples": ["mysql> CREATE TABLE t (c BINARY(3));\nQuery OK, 0 rows affected (0.01 sec)\n\nmysql> INSERT INTO t SET c = 'a';\nQuery OK, 1 row affected (0.01 sec)\n\nmysql> SELECT HEX(c), c = 'a', c = 'a\\0\\0' from t;\n+--------+---------+-------------+\n| HEX(c) | c = 'a' | c = 'a\\0\\0' |\n+--------+---------+-------------+\n| 610000 |       0 |           1 |\n+--------+---------+-------------+\n1 row in set (0.09 sec)"], "Category": ["String Data Types"]}
{"index": 22, "HTML": ["https://dev.mysql.com/doc/refman/8.0/en/blob.html"], "Title": ["13.3.4 The BLOB and TEXT Types"], "Feature": ["TINYBLOB"], "Description": ["A BLOB column with a maximum length of 255 (28 \u2212 1) bytes. Each TINYBLOB value is stored using a 1-byte length prefix that indicates the number of bytes in the value."], "Examples": [], "Category": ["String Data Types"]}
{"index": 23, "HTML": ["https://dev.mysql.com/doc/refman/8.0/en/blob.html"], "Title": ["13.3.4 The BLOB and TEXT Types"], "Feature": ["TINYTEXT [CHARACTER SET charset_name] [COLLATE collation_name]"], "Description": ["A TEXT column with a maximum length of 255 (28 \u2212 1) characters. The effective maximum length is less if the value contains multibyte characters. Each TINYTEXT value is stored using a 1-byte length prefix that indicates the number of bytes in the value."], "Examples": [], "Category": ["String Data Types"]}
{"index": 24, "HTML": ["https://dev.mysql.com/doc/refman/8.0/en/blob.html"], "Title": ["13.3.4 The BLOB and TEXT Types"], "Feature": ["BLOB[(M)]"], "Description": ["A BLOB column with a maximum length of 255 (28 \u2212 1) bytes. Each TINYBLOB value is stored using a 1-byte length prefix that indicates the number of bytes in the value.", "An optional length M can be given for this type. If this is done, MySQL creates the column as the smallest BLOB type large enough to hold values M bytes long."], "Examples": [], "Category": ["String Data Types"]}
{"index": 25, "HTML": ["https://dev.mysql.com/doc/refman/8.0/en/blob.html"], "Title": ["13.3.4 The BLOB and TEXT Types"], "Feature": ["TEXT[(M)] [CHARACTER SET charset_name] [COLLATE collation_name]"], "Description": ["A TEXT column with a maximum length of 65,535 (216 \u2212 1) bytes. The effective maximum length is less if the value contains multibyte characters. Each TEXT value is stored using a 2-byte length prefix that indicates the number of bytes in the value.", "An optional length M can be given for this type. If this is done, MySQL creates the column as the smallest TEXT type large enough to hold values M characters long."], "Examples": [], "Category": ["String Data Types"]}
{"index": 26, "HTML": ["https://dev.mysql.com/doc/refman/8.0/en/blob.html"], "Title": ["13.3.4 The BLOB and TEXT Types"], "Feature": ["MEDIUMBLOB"], "Description": ["A BLOB column with a maximum length of 16,777,215 (224 \u2212 1) bytes. Each MEDIUMBLOB value is stored using a 3-byte length prefix that indicates the number of bytes in the value.\n\n"], "Examples": [], "Category": ["String Data Types"]}
{"index": 27, "HTML": ["https://dev.mysql.com/doc/refman/8.0/en/blob.html"], "Title": ["13.3.4 The BLOB and TEXT Types"], "Feature": ["MEDIUMTEXT [CHARACTER SET charset_name] [COLLATE collation_name]"], "Description": ["A TEXT column with a maximum length of 16,777,215 (224 \u2212 1) characters. The effective maximum length is less if the value contains multibyte characters. Each MEDIUMTEXT value is stored using a 3-byte length prefix that indicates the number of bytes in the value."], "Examples": [], "Category": ["String Data Types"]}
{"index": 28, "HTML": ["https://dev.mysql.com/doc/refman/8.0/en/blob.html"], "Title": ["13.3.4 The BLOB and TEXT Types"], "Feature": ["LONGBLOB"], "Description": ["A BLOB column with a maximum length of 4,294,967,295 or 4GB (232 \u2212 1) bytes. The effective maximum length of LONGBLOB columns depends on the configured maximum packet size in the client/server protocol and available memory. Each LONGBLOB value is stored using a 4-byte length prefix that indicates the number of bytes in the value."], "Examples": [], "Category": ["String Data Types"]}
{"index": 29, "HTML": ["https://dev.mysql.com/doc/refman/8.0/en/blob.html"], "Title": ["13.3.4 The BLOB and TEXT Types"], "Feature": ["LONGTEXT [CHARACTER SET charset_name] [COLLATE collation_name]"], "Description": ["A TEXT column with a maximum length of 4,294,967,295 or 4GB (232 \u2212 1) characters. The effective maximum length is less if the value contains multibyte characters. The effective maximum length of LONGTEXT columns also depends on the configured maximum packet size in the client/server protocol and available memory. Each LONGTEXT value is stored using a 4-byte length prefix that indicates the number of bytes in the value."], "Examples": [], "Category": ["String Data Types"]}
